employee_id,name,age,department_id,date_of_joining,years_of_experience,country_id,salary,performance_rating
1030,David Brennan,35,7,2026-01-01,12,9,95507.00,2
1051,James Hebert,48,5,2016-01-01,20,2,137158.00,5
1054,James Brown,46,2,2012-01-01,5,1,100361.50,5
1059,Eric Duncan,58,5,2012-01-01,14,3,115029.00,3
1091,,46,4,2017-01-01,11,8,97129.00,3
1129,,39,5,2025-01-01,7,8,92710.00,4
1137,Cynthia Rose,52,7,2013-01-01,13,4,145536.00,3
1187,Geoffrey Gomez,39,2,2016-01-01,9,6,109722.00,5
1190,,39,7,2014-01-01,4,10,155713.00,4
1205,,48,5,2010-01-01,4,10,94584.00,4
1219,Kelly Brandt,53,5,2019-01-01,9,9,102300.00,3
1226,Jeffrey Hart,39,5,2022-01-01,12,6,110341.00,3
1228,Deborah Russell,43,2,2011-01-01,11,8,100715.00,3
1250,Victor Smith,49,7,2017-01-01,4,6,93110.00,2
1257,Wendy Baker,39,7,2022-01-01,13,2,165076.00,5
1266,Jasmin Black,42,1,2012-01-01,14,6,114214.00,5
1269,Martin Lee III,55,5,2021-01-01,14,10,108204.50,4
1278,Allison Herring,54,5,2024-01-01,16,10,126623.00,5
1282,Catherine Gilbert,41,1,2021-01-01,17,2,106927.00,3
1286,Brandon Morton,42,5,2018-01-01,19,4,139999.00,4
1329,Kayla Jones,57,7,2017-01-01,14,9,159990.00,4
1348,Julie Williams,40,2,2019-01-01,3,8,82507.00,2
1349,April Manning,43,4,2014-01-01,8,9,89555.00,3
1394,Sherri Moreno,45,5,2022-01-01,15,1,115754.00,2
1411,Selena Burton,46,4,2020-01-01,14,10,119233.00,4
1428,Robin Velazquez,33,2,2018-01-01,1,1,94151.00,5
1446,Christian Parsons,59,5,2017-01-01,20,1,142677.00,4
1456,Laura Jackson,34,7,2025-01-01,8,5,95249.00,2
1472,Stephen Cummings,36,7,2015-01-01,6,3,127621.00,3
1501,Samantha Wilson,31,2,2019-01-01,6,9,90304.00,3
1506,Elizabeth Ruiz,45,2,2016-01-01,14,8,102719.00,2
1521,Katherine Delgado,51,7,2022-01-01,16,2,90201.00,1
1525,Christopher Miller,35,2,2012-01-01,3,8,100498.00,5
1526,Margaret Moore,51,2,2011-01-01,10,8,102375.00,4
1546,Jessica Sutton,41,1,2020-01-01,18,6,123087.00,5
1558,Melinda Sanchez,50,2,2022-01-01,18,2,115312.00,5
1573,,49,7,2015-01-01,16,4,87286.00,1
1578,Kyle Lara,25,5,2016-01-01,1,4,80381.00,2
1581,,45,4,2023-01-01,15,1,84719.00,1
1595,Justin Frye,42,7,2012-01-01,8,7,108201.00,2
1599,Lance Hernandez,62,5,2025-01-01,18,7,120049.00,4
1630,Jasmine Davis,54,2,2024-01-01,17,2,115096.00,4
1655,Christina Day,42,5,2024-01-01,18,5,120047.00,4
1656,Tina Morris,34,2,2016-01-01,8,9,93240.00,2
1662,Lisa Estrada,62,5,2019-01-01,18,9,130282.00,4
1676,Kimberly Thornton,,4,2010-01-01,9,8,106779.00,4
1692,Mark Johns,31,5,2012-01-01,9,6,117114.00,5
1701,Ashley Matthews,42,7,2016-01-01,19,4,109894.00,2
1708,Michele Perry,46,2,2021-01-01,5,9,102970.00,5
1732,Jordan Thompson,33,2,2025-01-01,11,7,90499.00,3
1757,Roberto Griffin MD,28,5,2017-01-01,4,4,88110.00,2
1758,Dylan Owen,34,1,2025-01-01,4,10,76521.00,4
1761,Annette Peterson,35,4,2015-01-01,4,2,107244.00,4
1763,Shirley Perez,53,7,2014-01-01,10,2,123383.00,3
1766,Michael Smith,33,2,2026-01-01,3,2,73479.00,3
1784,,57,7,2019-01-01,19,1,118326.00,3
1809,Chase Sims,32,5,2026-01-01,8,2,90723.00,3
1814,Amanda Glover,58,5,2023-01-01,16,1,112297.00,3
1828,,40,1,2015-01-01,18,8,120197.00,4
1837,Paul Cooper,40,2,2016-01-01,4,1,94991.00,5
1843,Ann King,37,2,2024-01-01,12,5,104110.00,4
1846,Nancy Smith,48,4,2021-01-01,9,9,117886.00,5
1876,Nicole Morgan,39,7,2012-01-01,15,10,114833.00,3
1885,Laurie Gutierrez,27,7,2012-01-01,1,10,138331.00,3
1903,Clayton Singh,52,4,2013-01-01,18,6,92054.00,2
1904,Debra Rodriguez,42,2,2015-01-01,10,6,95027.00,2
1947,Sarah Matthews,42,5,2019-01-01,19,9,125473.00,2
1991,Craig Murphy,37,5,2015-01-01,11,9,112023.00,4
2013,Wendy Thompson,50,5,2023-01-01,14,3,111718.00,4
2014,James Williams,35,5,2012-01-01,3,9,103251.00,5
2038,Logan Carter,54,7,2010-01-01,16,10,137759.00,3
2101,Thomas Saunders,60,2,2017-01-01,16,10,114219.00,4
2127,Amber Odonnell PhD,54,1,2020-01-01,15,10,117411.00,5
2135,Sarah Turner,36,2,2018-01-01,4,6,95341.00,5
2136,Tara Garcia,58,5,2019-01-01,13,3,125536.00,4
2148,Rebecca Thomas,52,1,2020-01-01,12,10,95903.00,2
2159,Briana Powell,38,2,2015-01-01,10,5,100595.00,3
2162,Amanda Hogan,46,2,2010-01-01,3,4,93113.00,5
2175,Gregory Romero,33,5,2018-01-01,9,2,99362.00,2
2188,Jared Parker,43,1,2021-01-01,4,5,82414.00,2
2212,Steven King,45,4,2022-01-01,20,4,115326.00,5
2224,Mark Ortiz,49,4,2023-01-01,6,7,90718.00,3
2226,Francisco Bryant,57,1,2017-01-01,12,10,102534.00,4
2229,Angela Moore,29,7,2023-01-01,4,8,151547.00,4
2239,Jacob Proctor,49,1,2011-01-01,19,5,111563.00,3
2240,Connor Terry,46,4,2012-01-01,19,3,109691.00,5
2246,Christina Small,32,2,2012-01-01,9,2,97013.00,3
2260,Wendy Taylor,41,5,2016-01-01,5,6,90514.00,2
2309,Peter Klein,44,4,2018-01-01,2,4,85275.00,1
2314,Cheryl Hall,46,6,2014-01-01,1,2,146839.00,4
2329,Autumn Skinner,48,7,2016-01-01,5,9,119742.00,3
2331,Tiffany Henderson,38,7,2012-01-01,3,10,82004.00,1
2382,Melissa Goodman,34,1,2023-01-01,4,4,88082.00,4
2383,Trevor Lyons,38,7,2012-01-01,12,1,103446.00,2
2405,Denise Phillips,37,4,2017-01-01,14,9,115791.00,5
2410,Sarah Abbott,48,7,2021-01-01,8,7,145447.00,3
2429,Stephanie Schmitt,36,2,2012-01-01,11,9,104697.00,4
2432,Cody Robinson,44,7,2020-01-01,5,5,145268.00,3
2440,Thomas Romero,49,1,2011-01-01,7,8,94844.00,5
2443,Andrew Valencia,52,1,2021-01-01,14,1,101807.00,3
2476,Laurie Bailey,41,1,2010-01-01,7,3,95789.00,5
2499,Misty Williams,29,7,2017-01-01,5,2,135325.00,3
2504,Breanna Arroyo,38,5,2020-01-01,3,1,108204.50,3
2507,Scott Henderson,33,5,2021-01-01,6,6,107985.00,4
2516,Mary Hayes,50,4,2014-01-01,15,5,110128.00,5
2527,Kristina Freeman,41,5,2019-01-01,3,10,85603.00,2
2528,Brooke Newman,41,2,2025-01-01,13,3,102515.00,5
2556,Eric Wagner,38,5,2019-01-01,9,1,107210.00,4
2575,Michael Hunt,51,7,2023-01-01,19,1,130406.00,4
2583,James Scott,49,5,2016-01-01,7,7,108204.50,3
2589,Laurie Lee,53,2,2018-01-01,19,6,118055.00,3
2596,Jesse Green,34,2,2017-01-01,1,1,77341.00,2
2606,Christopher Hoffman,,1,2016-01-01,9,1,90594.00,2
2609,Christopher Lee,35,5,2011-01-01,13,10,112573.00,3
2612,Courtney Hammond,41,1,2021-01-01,6,2,87963.00,3
2634,Edwin Gallegos,54,5,2020-01-01,9,4,106517.00,4
2653,James Rocha,33,5,2015-01-01,9,3,99427.00,2
2687,Anthony Hines,62,5,2024-01-01,19,9,129152.00,4
2691,Elaine Benson,36,4,2019-01-01,7,7,102636.00,3
2705,Samuel Mitchell,31,5,2013-01-01,2,5,92120.00,5
2735,Mary Garza,51,2,2020-01-01,18,7,112702.00,2
2739,Joseph Garcia,49,4,2010-01-01,17,4,123019.00,5
2747,Kenneth Wright,49,1,2019-01-01,15,7,117173.00,5
2768,Valerie Munoz,48,7,2013-01-01,8,2,102803.00,2
2781,Mark Smith,62,2,2018-01-01,19,1,126522.00,4
2786,Steven Jones,36,2,2020-01-01,4,6,82867.00,2
2800,Samantha Ellis,51,4,2025-01-01,20,9,76609.00,2
2822,Miranda Gordon,57,4,2010-01-01,17,10,82024.00,2
2829,Louis Jennings,42,1,2013-01-01,12,4,103024.00,4
2844,Susan Pearson,40,1,2026-01-01,7,5,82313.00,4
2857,Katherine Chen,38,7,2021-01-01,7,4,164254.00,5
2867,Brandon Fitzpatrick,27,2,2012-01-01,3,6,84121.00,3
2878,Kimberly Perry,41,7,2024-01-01,18,3,123383.00,1
2926,Lindsay Griffith,42,5,2023-01-01,6,7,91936.00,2
2930,Mark Frank,39,5,2017-01-01,9,3,114361.00,4
2966,,30,7,2017-01-01,3,8,144893.00,4
2980,Lisa Morales,45,5,2023-01-01,17,8,119264.00,2
2994,Cassandra Ingram,48,5,2015-01-01,18,9,125298.00,3
3029,Kevin Scott DVM,54,5,2011-01-01,11,2,113349.00,4
3036,,47,5,2018-01-01,10,9,108204.50,4
3038,Katherine Frost,56,7,2021-01-01,17,3,99235.00,2
3043,Paula Archer,25,2,2017-01-01,2,3,100361.50,4
3047,Bethany Mosley,35,5,2018-01-01,6,10,94361.00,3
3068,Peggy Solomon,38,7,2021-01-01,7,6,102703.00,1
3086,Michael Hawkins,47,1,2013-01-01,9,6,93465.00,3
3095,Carolyn Williams,50,2,2021-01-01,15,10,115773.00,5
3099,Larry Johnson,35,7,2023-01-01,1,6,124313.00,3
3115,Andrea Baldwin,52,5,2022-01-01,10,1,108141.00,5
3182,Charles Mcdonald,46,1,2015-01-01,2,5,79132.00,3
3183,Jennifer Watson,30,5,2012-01-01,8,8,100759.00,3
3186,Peter Hill,36,5,2010-01-01,9,7,103357.00,3
3191,David Johnson,42,4,2011-01-01,19,6,77771.00,1
3204,Richard Lucas,47,2,2013-01-01,4,8,90427.00,4
3214,Gerald Owens,56,5,2017-01-01,20,5,127832.00,2
3216,Stephen Johnson,58,2,2026-01-01,16,8,95284.00,2
3235,Carla Rios,33,5,2019-01-01,4,6,96663.00,5
3239,Erin Contreras,53,5,2016-01-01,19,2,141805.00,5
3251,Aaron Juarez,39,4,2024-01-01,5,1,101802.00,5
3255,Chelsea Jones MD,42,5,2019-01-01,20,1,135030.00,4
3287,Michelle Long,29,2,2020-01-01,7,3,89497.00,2
3305,Kyle Lawson,40,7,2023-01-01,5,3,105310.00,2
3307,Crystal Elliott,55,4,2025-01-01,10,5,101897.00,4
3334,Heather Delgado,42,7,2022-01-01,4,2,112103.00,2
3339,Dillon Fox,45,3,2015-01-01,17,2,274840.00,5
3340,John Salazar,57,4,2016-01-01,17,9,94328.00,2
3355,Melissa Hamilton,44,4,2018-01-01,13,8,87598.00,2
3371,,29,1,2024-01-01,2,5,74398.00,4
3374,Madison Moreno,57,7,2017-01-01,18,3,118278.00,3
3393,Collin Parks,53,5,2018-01-01,15,7,122813.00,4
3396,Katie Hernandez,43,2,2016-01-01,15,6,110360.00,3
3414,,56,2,2016-01-01,14,4,107100.00,3
3415,Jessica Williams,52,2,2010-01-01,14,5,120142.00,5
3422,Mary Anderson,41,2,2012-01-01,2,9,79466.00,2
3446,Marvin Phelps,24,5,2010-01-01,1,3,97307.00,5
3450,Christina Baker,48,5,2011-01-01,3,4,102443.00,5
3472,Chad Padilla,29,5,2021-01-01,6,3,99903.00,4
3522,Keith Hines,52,5,2024-01-01,9,1,103080.00,5
3526,Kimberly Hall,46,5,2018-01-01,14,5,119275.00,4
3527,Lisa Ramirez,60,7,2017-01-01,19,7,121885.00,2
3541,Johnny Harrington,49,5,2016-01-01,11,1,105467.00,2
3550,Michelle Coleman,55,7,2015-01-01,12,9,149438.00,4
3567,April Trujillo,40,1,2024-01-01,6,1,90503.00,4
3578,Charles Fleming,54,5,2024-01-01,9,3,108204.50,4
3584,David Mullen,59,5,2025-01-01,14,4,102212.00,2
3592,Jessica Pitts,51,7,2016-01-01,18,3,84295.00,1
3601,Cody Forbes,49,1,2010-01-01,20,8,110002.00,2
3609,Kaitlyn Riggs,23,5,2012-01-01,1,9,79819.00,2
3617,Jessica Yoder,45,1,2017-01-01,11,8,102035.00,5
3620,Kari Bond,40,1,2011-01-01,3,10,79396.00,2
3624,Pamela Moses,37,1,2023-01-01,8,8,91684.00,3
3630,Brandon Jones,52,2,2015-01-01,11,1,112102.00,4
3634,Nicole Peterson,46,4,2017-01-01,12,7,102689.00,3
3645,Michael Smith,28,2,2020-01-01,4,7,88472.00,3
3647,Brandon Farley,26,5,2023-01-01,4,8,80640.00,2
3650,Whitney White,37,5,2017-01-01,13,4,117707.00,4
3659,James Turner,52,4,2020-01-01,11,2,88256.00,2
3673,Gabriela Crawford,35,4,2019-01-01,11,3,98392.00,3
3674,Richard Fox,38,2,2013-01-01,16,6,107996.00,2
3676,Becky Ochoa,44,4,2022-01-01,10,6,101569.00,3
3686,Kelsey Byrd,32,5,2017-01-01,1,5,80254.00,2
3687,Traci Wells,39,2,2020-01-01,3,5,100966.00,5
3699,Christina Mckee,42,5,2024-01-01,19,5,127208.00,5
3705,Audrey Allen,53,2,2024-01-01,11,10,102386.00,4
3710,Cristina Burke,36,2,2018-01-01,8,10,92044.00,2
3724,Juan Armstrong,60,5,2019-01-01,20,3,126538.00,2
3726,Alicia Rangel,47,5,2016-01-01,17,4,119965.00,2
3736,Kimberly Miller,30,5,2023-01-01,3,1,90760.00,5
3744,Katherine Patel,64,5,2014-01-01,20,4,108204.50,3
3756,Meagan Wilkins,55,3,2012-01-01,15,4,387420.00,3
3769,Jeremy Ross,24,2,2019-01-01,2,5,82264.00,3
3774,Kaitlyn Wiggins,25,4,2025-01-01,3,2,91613.00,3
3775,Jennifer Murphy,49,1,2013-01-01,4,5,96822.00,5
3797,Albert Davies,44,1,2021-01-01,16,3,117613.00,4
3825,James Blackwell,40,1,2024-01-01,3,1,78051.00,2
3858,Douglas Davies,46,2,2023-01-01,8,10,101992.00,5
3881,Edward Watson,49,4,2022-01-01,5,8,83385.00,2
3884,Justin Brown,56,4,2013-01-01,14,6,88086.00,2
3912,Christopher Bell,33,5,2025-01-01,7,7,91509.00,4
3932,Cassandra Harrell,54,2,2017-01-01,14,4,100361.50,2
3938,John Bradley,48,4,2023-01-01,17,8,78458.00,1
3956,Scott Clark,54,4,2023-01-01,20,3,113104.00,4
3977,Diana Luna,39,5,2017-01-01,8,5,114566.00,5
3995,Francisco Murphy,50,7,2015-01-01,14,10,162408.00,5
4005,Cheryl Gay,40,5,2010-01-01,10,8,104442.00,3
4020,Troy Mercer,48,7,2021-01-01,8,2,139939.00,4
4024,Judith Sanchez,54,5,2018-01-01,18,10,130120.00,4
4028,Mark Powers,43,2,2012-01-01,5,8,91914.00,4
4035,Alejandra Alvarez,54,5,2014-01-01,11,9,120996.00,4
4038,Cynthia Mitchell,45,1,2022-01-01,15,9,101543.00,5
4050,Jeffery Ramos,35,1,2013-01-01,3,7,95087.00,5
4054,Andrea Leonard,29,4,2026-01-01,1,10,79284.00,3
4058,Sabrina Mills,46,5,2024-01-01,13,4,107842.00,4
4073,Sean Sampson,42,3,2010-01-01,2,10,500000.00,3
4102,Jeffrey Hall,29,5,2012-01-01,5,10,92457.00,3
4115,,29,5,2013-01-01,1,5,95122.00,4
4124,Jared Black,31,7,2016-01-01,8,5,138360.00,4
4129,Mr. Joshua Perry,46,4,2011-01-01,12,1,89419.00,3
4145,Christopher Rodriguez,32,2,2025-01-01,2,7,80035.00,5
4162,Erin Alvarado,59,1,2021-01-01,14,9,101830.00,3
4166,Jade Craig,34,5,2010-01-01,1,3,90965.00,5
4188,James Martinez,53,4,2019-01-01,8,6,87111.00,2
4204,Robin Francis,39,5,2019-01-01,2,6,100565.00,5
4216,Kimberly Mendoza,47,2,2016-01-01,20,2,122234.00,4
4218,Amanda Chavez,36,5,2023-01-01,9,4,94109.00,3
4268,Shannon Mcdowell,50,1,2025-01-01,15,8,95387.00,3
4295,Barbara Brooks,53,7,2011-01-01,16,3,158329.00,4
4307,Jennifer Graham,60,1,2019-01-01,18,8,107216.00,2
4308,Denise Walker,58,2,2026-01-01,18,3,100032.00,2
4312,Rachel Green,35,7,2026-01-01,8,6,91714.00,2
4330,,44,4,2012-01-01,7,2,78382.00,1
4342,Sarah Hart,45,5,2018-01-01,3,9,85033.00,2
4366,Melanie Blankenship,64,5,2023-01-01,19,2,108204.50,3
4378,Brittany Neal,43,2,2023-01-01,7,6,91612.00,3
4383,William Price,50,1,2012-01-01,12,2,102715.00,4
4385,,31,5,2013-01-01,6,4,100464.00,4
4401,Lisa Powers,53,2,2013-01-01,18,3,117896.00,4
4421,Eugene Martin,58,4,2026-01-01,16,6,67389.00,1
4449,Daniel House,44,2,2026-01-01,14,5,95512.00,3
4455,Daniel Jordan,51,2,2020-01-01,9,3,99088.00,4
4476,Jesse Armstrong,44,5,2010-01-01,18,5,124867.00,3
4494,Juan Sanchez,30,2,2026-01-01,6,10,79774.00,3
4510,Bernard Bennett,46,5,2017-01-01,19,2,124922.00,2
4513,,47,7,2016-01-01,13,6,123404.00,2
4524,Carl Arnold,33,2,2018-01-01,9,8,93019.00,2
4527,Jimmy Hansen,29,4,2012-01-01,6,9,82177.00,2
4537,Shawn Marks,52,5,2018-01-01,17,7,108204.50,5
4542,David Simpson,41,6,2023-01-01,1,6,139920.00,4
4553,Brittney Robinson,39,7,2013-01-01,7,5,147036.00,4
4554,Tamara Marshall,43,2,2019-01-01,16,5,110773.00,3
4594,Michelle Collins,40,5,2026-01-01,1,8,67691.00,2
4596,Robert Cohen,42,1,2010-01-01,2,3,84284.00,4
4612,Samantha Castaneda,53,4,2024-01-01,12,9,77739.00,1
4622,Alexander Davis,47,5,2012-01-01,14,6,126972.00,4
4629,Luis Johnson,31,4,2018-01-01,2,2,88011.00,2
4635,Colton Larson,51,7,2025-01-01,15,2,77887.00,1
4646,James Martin,27,5,2020-01-01,3,9,88059.00,3
4672,Mia Davis,45,4,2015-01-01,9,2,94328.00,1
4674,,31,4,2015-01-01,8,3,92213.00,2
4675,Nicole Garcia,56,5,2017-01-01,14,3,123136.00,5
4681,Christopher Hernandez,41,4,2022-01-01,14,10,91990.00,4
4698,Jessica Thomas,48,5,2023-01-01,19,9,127190.00,3
4702,Paula Martinez,44,5,2018-01-01,2,2,91978.00,5
4703,Jason Miranda,56,5,2019-01-01,19,10,140421.00,4
4705,Steven Simmons,50,5,2010-01-01,6,2,94037.00,3
4721,Alan Weaver,41,4,2021-01-01,11,3,93355.00,2
4748,James Daniel,33,2,2025-01-01,8,4,87226.00,4
4766,Matthew Reynolds,51,7,2023-01-01,10,10,116976.00,2
4775,Mia Vargas,52,3,2024-01-01,8,3,266751.00,5
4776,Michelle Hunter,61,5,2026-01-01,16,8,113374.00,4
4809,Mrs. Laura Russell,42,4,2018-01-01,16,10,116537.00,5
4820,George Harrison,53,7,2025-01-01,20,10,123383.00,5
4832,Shannon Hubbard,42,1,2020-01-01,10,8,93150.00,2
4833,Cassandra Johnson,40,5,2010-01-01,17,9,119462.00,2
4838,Crystal Baxter,53,4,2023-01-01,19,7,112595.00,4
4840,Joshua Espinoza DDS,27,5,2010-01-01,2,5,82169.00,2
4845,Susan Smith,42,1,2025-01-01,17,5,104479.00,5
4850,Mark Dougherty,46,5,2026-01-01,3,1,72219.00,2
4867,Megan Palmer,34,5,2019-01-01,12,8,114976.00,4
4873,Robert Baker,34,7,2021-01-01,9,5,112407.00,2
4874,Rebecca Harrison,55,4,2016-01-01,11,3,100023.00,4
4877,Lisa Garcia,38,1,2016-01-01,10,2,103292.00,5
4889,David Lawson,43,5,2017-01-01,6,2,101846.00,5
4904,Rachel Hanna,41,7,2021-01-01,13,6,86846.00,1
4921,Christine Newton,37,4,2011-01-01,4,4,94328.00,3
4925,,24,5,2023-01-01,1,2,83475.00,3
4927,Scott Ellis,47,5,2024-01-01,4,4,84189.00,2
4937,Allen Henry,51,1,2012-01-01,13,10,109937.00,4
4945,Charles Bean,43,2,2013-01-01,7,8,89072.00,2
4966,Jerry Freeman,56,5,2014-01-01,17,4,108204.50,3
4973,Nicholas Taylor,41,5,2017-01-01,3,1,88272.00,3
4996,,56,2,2013-01-01,12,1,102580.00,3
5028,Janice Gibson,39,2,2018-01-01,16,1,114699.00,4
5029,Dustin Kaufman,52,5,2018-01-01,14,1,114753.00,3
5031,Jeffrey Owens,35,5,2014-01-01,3,2,99662.00,4
5060,Peter Lopez,45,2,2016-01-01,7,7,99019.00,5
5067,Matthew Fritz,52,2,2022-01-01,8,9,100361.50,2
5086,Catherine Melton,55,4,2017-01-01,10,2,76988.00,1
5101,Donald Green,49,2,2021-01-01,17,8,117308.00,4
5106,Melissa Montes,34,7,2020-01-01,8,5,158235.00,4
5112,Jordan Wagner,50,1,2024-01-01,19,2,115678.00,5
5115,Sarah Stein,35,2,2026-01-01,8,10,89396.00,5
5123,,43,2,2026-01-01,6,7,74244.00,2
5136,Sandra Castro,47,4,2012-01-01,7,4,114619.00,5
5140,Zachary White,38,5,2015-01-01,8,3,99374.00,3
5151,Adam Powers,33,2,2020-01-01,5,2,102228.00,5
5155,Matthew Morris,46,2,2026-01-01,16,2,99482.00,3
5156,Kari Moss,,1,2022-01-01,15,1,109579.00,5
5177,Tiffany Thornton,35,4,2012-01-01,13,7,92066.00,2
5181,Kathy Jordan,40,5,2018-01-01,12,3,106986.00,2
5198,Frederick Daniels,45,1,2023-01-01,20,6,109787.00,2
5207,Kevin Clark,43,4,2026-01-01,3,3,84106.00,3
5214,Tony Walter,53,2,2012-01-01,13,5,112924.00,5
5230,Roger Golden,47,2,2020-01-01,15,1,119866.00,4
5235,Mrs. Ashley Brown,34,7,2025-01-01,10,9,123383.00,3
5238,Donna Vasquez,49,5,2012-01-01,10,4,119742.00,5
5248,Kimberly Davis,52,5,2015-01-01,18,2,133315.00,5
5261,Cindy Johnston,,1,2014-01-01,7,5,87676.00,2
5264,Eric Zimmerman,44,4,2023-01-01,1,1,94328.00,5
5272,Nancy Howard,49,2,2020-01-01,9,8,100333.00,4
5284,Joe Carr,47,5,2019-01-01,7,5,113079.00,5
5301,Mary Flores,38,4,2014-01-01,2,8,107645.00,4
5319,Mitchell Nguyen,46,4,2023-01-01,11,2,69317.00,1
5333,Danielle Garcia,53,5,2011-01-01,8,10,112596.00,4
5336,Christina Doyle,55,4,2023-01-01,18,2,91942.00,2
5347,Marcus Mendez,51,7,2026-01-01,19,4,127595.00,3
5350,Melissa Johnson,45,7,2020-01-01,19,6,152714.00,4
5378,Sandra Armstrong,46,4,2021-01-01,9,5,111888.00,4
5383,Keith Pratt,41,5,2017-01-01,8,5,114835.00,5
5387,Jennifer Davis,51,5,2025-01-01,19,4,124147.00,5
5402,Karen Greer,31,4,2015-01-01,4,7,118119.00,5
5405,Maxwell Gonzalez,61,5,2011-01-01,19,5,142510.00,5
5446,Katherine Lewis,37,5,2015-01-01,6,4,94065.00,3
5474,Mark Scott,48,5,2010-01-01,11,4,122339.00,5
5511,Michael Lawson,38,5,2018-01-01,12,9,118482.00,5
5531,Eric Johnson,50,7,2011-01-01,17,9,135761.00,3
5536,Briana Perry,54,3,2022-01-01,20,9,500000.00,3
5551,Sarah Miller,42,7,2025-01-01,15,2,87441.00,2
5556,Joseph Cook,39,2,2021-01-01,9,4,110473.00,5
5557,Jeremy Hurley,48,2,2016-01-01,20,4,115510.00,2
5581,Nicole Smith,44,4,2011-01-01,6,6,86753.00,2
5587,Misty Chan,45,2,2018-01-01,6,9,87583.00,2
5588,Matthew Harding,48,5,2024-01-01,16,2,112823.00,3
5592,William Gonzales,31,5,2014-01-01,4,6,89321.00,3
5620,,45,2,2024-01-01,8,4,91772.00,3
5637,Ronald Mcclain,48,5,2013-01-01,20,2,128361.00,2
5649,,25,2,2020-01-01,3,1,95782.00,4
5656,Chelsea Rogers,53,5,2022-01-01,10,10,102252.00,4
5669,Donald Orr DVM,28,1,2019-01-01,5,9,82767.00,2
5672,Bradley Johnson,43,2,2015-01-01,19,3,124723.00,5
5675,Michael Obrien,25,2,2012-01-01,2,8,97867.00,5
5680,Jasmine Fowler,31,5,2020-01-01,8,6,113299.00,4
5716,Kevin Lopez,46,7,2023-01-01,15,6,96931.00,1
5728,Cynthia Smith,32,4,2012-01-01,10,9,76736.00,1
5767,Glenn Carey,46,5,2014-01-01,2,1,96740.00,4
5789,Lauren Wise,54,5,2014-01-01,15,5,125175.00,5
5799,Ashley Roberts,33,5,2017-01-01,3,9,102261.00,5
5801,Brenda Davis,49,4,2017-01-01,13,7,107815.00,4
5849,Shawn Bush,44,2,2023-01-01,10,5,99548.00,5
5865,Adam Morrison,46,4,2022-01-01,19,6,108351.00,4
5889,Timothy Dougherty,58,5,2013-01-01,18,6,140479.00,5
5902,Laura Hurley,34,4,2018-01-01,8,2,85550.00,1
5908,Marvin Gray,38,2,2010-01-01,10,3,113031.00,5
5911,James Cannon,56,5,2016-01-01,18,6,129648.00,4
5937,Lisa Wilkinson,37,4,2025-01-01,5,3,94328.00,1
5941,Debra Alvarado,51,7,2011-01-01,19,2,160932.00,5
5944,Ryan Hurley,31,5,2020-01-01,2,8,96772.00,4
5949,Darren Duncan,28,4,2011-01-01,3,1,77973.00,1
5950,Meghan Villegas,36,4,2023-01-01,2,5,70627.00,1
5955,Jeffrey Guzman,35,4,2023-01-01,3,8,91559.00,4
5979,Timothy Gomez,38,2,2017-01-01,5,8,99711.00,4
5990,Angela Brown,56,2,2016-01-01,15,4,110575.00,3
5999,Raymond Lang,40,7,2011-01-01,10,2,122058.00,2
6048,Jon Simmons,60,5,2013-01-01,18,4,137834.00,4
6070,Christopher Waller,50,5,2024-01-01,13,7,108268.00,4
6079,Joseph Velasquez,52,5,2011-01-01,18,7,125656.00,3
6087,,29,7,2023-01-01,3,3,125066.00,2
6096,Jodi Donovan,52,5,2021-01-01,7,6,104729.00,5
6122,Eric Bass,28,5,2026-01-01,2,2,78219.00,4
6135,James Morgan,43,5,2019-01-01,8,5,98383.00,2
6141,Caroline Cruz,31,2,2011-01-01,7,6,103434.00,4
6155,Allison Hernandez,52,1,2013-01-01,20,4,112808.00,3
6163,Timothy Kelly,42,4,2023-01-01,19,10,99919.00,4
6202,Jennifer Miller,47,7,2014-01-01,5,6,129158.00,3
6215,Tony Bowman,59,5,2012-01-01,16,4,132566.00,4
6228,Alvin Hicks,32,5,2014-01-01,9,9,101851.00,3
6232,,41,4,2015-01-01,13,9,112957.00,4
6237,Marisa Davis,31,7,2012-01-01,4,3,104709.00,2
6254,Alison Wright,34,5,2026-01-01,10,6,102895.00,5
6258,,45,2,2018-01-01,4,2,98032.00,4
6271,Eileen Williams,29,4,2017-01-01,1,10,107301.00,4
6289,Kevin Reyes,42,1,2011-01-01,14,7,114050.00,5
6296,Mr. William Kane,32,2,2015-01-01,1,3,76739.00,2
6297,Christina Norris,49,2,2022-01-01,18,7,104975.00,2
6325,,36,5,2025-01-01,7,9,92024.00,4
6337,David Dyer,37,3,2019-01-01,5,7,500000.00,3
6340,Stacey White,33,4,2017-01-01,5,9,82377.00,2
6341,Amy Johnson,49,1,2019-01-01,6,7,97565.00,4
6368,Lisa Mosley,54,2,2022-01-01,10,7,100868.00,5
6370,Steven Campbell,31,2,2025-01-01,8,7,84146.00,3
6376,Taylor Ruiz,27,4,2024-01-01,4,6,100425.00,4
6408,Deborah Davis,53,7,2010-01-01,18,8,156659.00,4
6430,Kimberly Shelton,43,7,2024-01-01,13,4,107779.00,2
6461,Krystal Lopez,46,5,2013-01-01,7,9,109029.00,4
6469,Laura Bray,40,1,2022-01-01,1,6,73105.00,3
6471,Heather David,54,5,2014-01-01,9,7,108204.50,4
6481,Kyle Sanchez,47,7,2017-01-01,15,5,137438.00,4
6500,Jacob Garrison,33,1,2015-01-01,10,10,95732.00,3
6502,Casey Alexander,36,2,2024-01-01,13,2,100375.00,2
6528,David Moreno,26,5,2010-01-01,1,8,80628.00,2
6535,Joseph Robertson,34,7,2015-01-01,11,5,144957.00,3
6561,Barbara Vargas,28,7,2016-01-01,4,7,123383.00,3
6571,Travis Owen,39,3,2019-01-01,15,4,500000.00,3
6574,Karen Alvarez,60,2,2018-01-01,18,8,111983.00,2
6580,Erica Johnson,49,2,2019-01-01,19,6,127578.00,4
6601,Anne Peterson,43,5,2015-01-01,12,8,109800.00,3
6642,Scott Kim,59,5,2024-01-01,18,2,131825.00,5
6643,Christopher Marshall,49,5,2024-01-01,16,5,111603.00,3
6671,Tammy Wood,42,5,2012-01-01,16,3,119623.00,3
6675,Lisa Moore,46,5,2019-01-01,13,2,109296.00,2
6712,Shannon Lambert,38,2,2024-01-01,11,3,95778.00,2
6722,Erica Lopez,42,5,2020-01-01,10,2,119960.00,5
6763,Taylor Hartman,62,4,2014-01-01,18,1,93339.00,2
6794,Daniel Kim,35,5,2013-01-01,8,7,99556.00,3
6815,Shane Peterson,48,2,2012-01-01,3,9,87348.00,4
6817,Mrs. Lisa Holder MD,40,2,2017-01-01,17,10,122876.00,4
6818,Ricky Williams,29,7,2013-01-01,6,8,127799.00,3
6829,Brandon Boyd,,5,2018-01-01,15,6,115649.00,2
6830,Robert Martin,57,5,2013-01-01,13,7,127452.00,5
6837,Melissa Steele,42,2,2025-01-01,14,3,96708.00,3
6873,April Baldwin,41,5,2015-01-01,7,2,103229.00,4
6885,Corey Jones,35,1,2010-01-01,3,10,79181.00,2
6891,Stephanie Armstrong,54,1,2014-01-01,13,7,96771.00,2
6893,Keith Holden,54,5,2025-01-01,11,1,94900.00,2
6903,Kathleen Brewer,48,7,2016-01-01,3,4,120901.00,3
6909,Alyssa Eaton,30,5,2023-01-01,5,4,95675.00,5
6916,Kyle Guzman,55,2,2021-01-01,17,5,112326.00,3
6918,Leslie Martin,36,5,2025-01-01,6,5,85167.00,3
6932,Christopher Brady,51,2,2020-01-01,9,6,100361.50,4
6942,Russell Norman,34,2,2021-01-01,5,8,85979.00,2
6975,Rebecca Russell,30,1,2013-01-01,3,5,79491.00,2
6995,Donna Adams,,1,2016-01-01,12,6,95387.00,2
7001,Bridget Shea,33,2,2013-01-01,2,6,82181.00,3
7010,Erika Morrison,60,4,2024-01-01,20,4,105623.00,4
7062,Frank Chavez,52,7,2010-01-01,10,5,160642.00,5
7076,James Reed,41,5,2024-01-01,10,10,100926.00,2
7128,Mr. Joseph Mcclain,28,2,2015-01-01,2,3,79816.00,2
7132,Jacqueline Ford MD,50,5,2010-01-01,12,8,110178.00,3
7144,Herbert Joseph,44,4,2013-01-01,20,2,85437.00,1
7148,Charles Jones,24,7,2017-01-01,1,1,116664.00,3
7164,,43,7,2022-01-01,13,3,107357.00,2
7176,Jesse Olson,46,2,2011-01-01,10,2,100779.00,3
7177,Victoria Porter,52,1,2010-01-01,20,10,110286.00,2
7183,Thomas Ray,40,1,2023-01-01,4,10,90835.00,5
7191,Michael Burton,49,2,2017-01-01,7,8,93394.00,3
7198,Joseph Kerr,61,5,2019-01-01,20,10,129810.00,3
7214,Dr. Nancy Lopez,48,4,2024-01-01,12,3,70679.00,1
7216,Melissa Martinez,57,4,2021-01-01,14,3,112613.00,4
7221,Sara Pollard,46,7,2019-01-01,11,1,132526.00,3
7227,Oscar Thomas,,4,2010-01-01,15,3,82555.00,2
7231,Brandy Webster,46,4,2010-01-01,8,5,88383.00,2
7251,Terry Miller,60,5,2021-01-01,19,10,127488.00,3
7255,Debbie Alexander MD,59,4,2025-01-01,18,3,88207.00,3
7280,Walter Elliott,41,5,2010-01-01,1,9,97413.00,5
7285,Crystal Baker,36,5,2017-01-01,7,4,103335.00,4
7286,Andrew Scott,48,1,2016-01-01,16,9,117349.00,4
7288,Blake Li,43,7,2023-01-01,11,3,162944.00,5
7342,Donna Bell,39,4,2013-01-01,13,7,94328.00,1
7343,Dr. Rachel Stein DDS,35,2,2022-01-01,5,10,85922.00,4
7345,Misty Stone,51,5,2012-01-01,7,9,104991.00,5
7366,Patrick Shaw,31,7,2018-01-01,7,1,123383.00,3
7379,Jennifer Powell,43,5,2017-01-01,2,3,84037.00,3
7396,Allison Donovan,40,4,2024-01-01,13,1,70566.00,1
7402,Mark Koch,36,4,2019-01-01,8,4,118297.00,5
7407,Wesley Stewart,36,2,2022-01-01,3,4,74527.00,2
7415,Craig Sampson,35,3,2018-01-01,9,6,267436.00,2
7423,Amanda Mathews,51,1,2010-01-01,14,7,103138.00,3
7428,Michael Howard,29,2,2011-01-01,7,2,100348.00,5
7444,Michael Lopez,52,7,2017-01-01,16,8,144532.00,4
7489,Robert Ellis,38,5,2023-01-01,14,5,112056.00,4
7529,Jennifer Johnson,51,5,2013-01-01,14,8,128467.00,4
7535,Kevin Adams,32,4,2017-01-01,5,1,111912.00,4
7544,Wesley Baxter,54,7,2021-01-01,19,3,87535.00,1
7556,,41,7,2021-01-01,19,10,145502.00,4
7595,Heather Hudson,28,5,2021-01-01,5,7,89864.00,2
7599,,37,5,2010-01-01,1,1,82309.00,3
7623,Nicholas Williamson,45,2,2012-01-01,18,2,115039.00,3
7672,Gregory Cannon DVM,30,2,2017-01-01,2,2,96978.00,5
7679,,38,1,2024-01-01,12,5,97029.00,5
7686,Nathaniel Johnson,61,5,2016-01-01,18,8,125522.00,3
7688,Michael Lewis,48,2,2020-01-01,19,4,128225.00,4
7694,Lynn Johnson,28,7,2010-01-01,1,5,110983.00,2
7696,Evan Walters,47,2,2025-01-01,8,9,92989.00,5
7709,Jennifer Green,54,4,2019-01-01,16,1,112860.00,4
7718,John Bennett,29,2,2020-01-01,7,4,101640.00,4
7720,Michelle Sanchez,32,5,2010-01-01,2,7,90228.00,4
7730,David Jacobs,43,1,2010-01-01,11,5,94789.00,2
7784,Eric Evans,34,7,2023-01-01,2,6,81758.00,1
7794,Matthew Long,26,1,2012-01-01,4,10,85775.00,3
7823,Susan Raymond,37,4,2017-01-01,10,4,103243.00,3
7829,Richard Morris,46,5,2025-01-01,5,8,87558.00,4
7837,Alejandra Becker,42,5,2016-01-01,4,6,87510.00,2
7856,John Robinson,52,5,2023-01-01,20,8,130287.00,3
7882,Monica Orr,29,5,2012-01-01,4,2,95105.00,4
7917,Sarah Malone,43,2,2022-01-01,16,7,118288.00,5
7925,Lisa Holt,39,7,2020-01-01,6,4,159774.00,4
7954,Lori Pacheco,57,5,2015-01-01,16,4,131941.00,4
7965,,43,5,2017-01-01,16,7,118180.00,2
7977,Teresa Wright,44,4,2011-01-01,14,9,107505.00,4
7991,Daniel Richmond,26,1,2011-01-01,3,7,82818.00,3
7997,Peter Green,57,5,2012-01-01,17,5,129075.00,5
8016,Catherine Fitzgerald,42,4,2020-01-01,7,7,76566.00,1
8018,Linda Martinez,42,7,2020-01-01,10,8,164328.00,5
8050,Elizabeth Thomas,56,7,2018-01-01,18,9,115333.00,2
8089,Jennifer Rodriguez,54,4,2013-01-01,12,5,102939.00,3
8092,Howard Wilson,43,2,2012-01-01,16,1,125096.00,5
8095,Michelle Wilkinson,25,5,2014-01-01,1,2,80442.00,2
8099,Jason Miller,60,2,2021-01-01,16,10,107485.00,2
8100,Christopher Moyer,39,4,2023-01-01,5,8,85693.00,1
8110,Joshua Wilkins,37,7,2023-01-01,14,10,110795.00,3
8111,Michael Alexander,52,5,2025-01-01,19,7,125700.00,5
8120,Jorge Bowen,30,5,2024-01-01,2,5,86766.00,4
8121,,33,4,2017-01-01,6,2,94328.00,5
8133,Carlos Espinoza,58,5,2018-01-01,18,5,122942.00,2
8155,Andrew Carlson,56,2,2013-01-01,19,6,118420.00,3
8157,,32,5,2010-01-01,4,2,104493.00,5
8169,Jody Glenn,39,4,2011-01-01,5,10,92524.00,2
8183,Beverly Rush,40,1,2012-01-01,3,10,84931.00,4
8184,Amanda Long,40,1,2025-01-01,15,7,92798.00,2
8202,Matthew Burton,33,5,2019-01-01,8,3,99764.00,3
8213,John Harrison,45,4,2017-01-01,8,10,96837.00,3
8271,Karen Irwin,45,1,2022-01-01,4,9,86849.00,4
8273,Russell Lynch,46,1,2012-01-01,6,10,95198.00,5
8284,Nicole Hardy,38,2,2023-01-01,13,9,107493.00,4
8330,Lynn Best,41,5,2025-01-01,17,8,109938.00,2
8331,Gary Morris,48,5,2016-01-01,4,3,89575.00,3
8349,Theresa Mcguire,51,5,2018-01-01,8,9,107111.00,5
8350,Amanda Mccoy,55,7,2025-01-01,14,2,88161.00,2
8352,Jessica Curtis,48,7,2012-01-01,7,1,140642.00,3
8377,Susan Fuller,37,2,2011-01-01,10,7,105274.00,5
8385,Daniel Lawrence,42,4,2023-01-01,16,9,112275.00,4
8387,Troy Gordon,37,1,2019-01-01,12,5,109448.00,4
8397,Michelle Williams,27,2,2021-01-01,1,8,95472.00,5
8400,Brandon Snyder,41,7,2026-01-01,8,2,91845.00,2
8410,Derrick Savage,54,5,2025-01-01,19,10,117917.00,3
8411,Thomas Wagner,57,5,2015-01-01,16,2,127188.00,5
8420,Kendra Thompson,56,2,2025-01-01,12,7,99408.00,5
8430,Maria Long,32,4,2022-01-01,5,9,95301.00,3
8434,Vincent Cunningham,62,7,2013-01-01,18,10,154210.00,4
8440,Christine Willis,41,2,2023-01-01,15,6,111960.00,4
8458,Ashley Dixon,27,1,2018-01-01,3,2,83110.00,3
8469,Patricia Bright,57,2,2012-01-01,20,5,115952.00,2
8478,Robert Cook,53,5,2019-01-01,17,10,121946.00,3
8500,Martin Sanchez,48,5,2010-01-01,19,1,133351.00,4
8533,John Hartman,41,5,2014-01-01,18,7,125442.00,3
8549,Christopher Madden Jr.,40,2,2022-01-01,7,2,85974.00,3
8552,Tammy Randall,45,5,2021-01-01,12,8,107608.00,2
8554,Heather Miller,34,7,2012-01-01,9,9,144225.00,3
8592,Nicole Everett,42,1,2021-01-01,15,10,104463.00,3
8610,Jorge Perez,42,1,2017-01-01,3,8,95538.00,5
8624,Matthew Williams,28,2,2015-01-01,5,2,101653.00,5
8631,Kaylee Harris,59,4,2020-01-01,16,10,120894.00,4
8635,,52,5,2016-01-01,17,2,120402.00,2
8652,Vicki Browning,46,2,2026-01-01,1,2,72207.00,4
8654,Ariana Frank,45,1,2013-01-01,3,2,94683.00,5
8670,Elizabeth Lewis,51,5,2019-01-01,6,8,93472.00,2
8678,Mrs. Carla Anderson MD,49,5,2016-01-01,16,8,119030.00,3
8694,Mary Johnson,47,5,2013-01-01,12,8,108095.00,2
8696,Angela Scott DDS,40,4,2013-01-01,16,8,108005.00,4
8707,Stacey Andrews,40,1,2014-01-01,6,1,92799.00,4
8722,Mark Grant,30,2,2012-01-01,5,10,93496.00,4
8734,Thomas Graham,50,4,2026-01-01,14,3,105927.00,5
8745,Stephen Landry,54,7,2012-01-01,16,3,118371.00,3
8772,Timothy Brown,40,5,2019-01-01,11,8,107159.00,3
8779,Denise Singh,34,5,2011-01-01,8,6,99611.00,3
8791,Robert Ramirez,39,2,2021-01-01,11,2,114154.00,5
8793,Luke Sanders,60,4,2022-01-01,15,4,113303.00,4
8798,Amanda Morris,52,4,2025-01-01,18,2,104221.00,5
8813,Angel Weber,45,2,2024-01-01,4,4,76524.00,3
8816,Tyler Hernandez,51,5,2023-01-01,15,3,120016.00,5
8888,Brian Martinez,58,7,2022-01-01,13,3,125544.00,2
8898,Adam Adams,39,5,2011-01-01,6,10,109839.00,5
8914,Cheyenne Williams,47,5,2016-01-01,13,4,127686.00,5
8927,Wayne Griffin,37,4,2020-01-01,15,1,84162.00,1
8954,Charles Morris,38,2,2012-01-01,12,3,109602.00,5
8955,,30,5,2014-01-01,3,6,85280.00,2
8959,Charles Munoz,44,2,2023-01-01,10,5,99161.00,5
8985,Jay Booker,50,2,2023-01-01,7,2,91727.00,3
8998,Amanda Moore,30,2,2012-01-01,7,6,89419.00,2
9009,Ian Moody,37,7,2015-01-01,3,8,99303.00,2
9013,Steven Hawkins,46,4,2022-01-01,19,8,99047.00,4
9014,Benjamin Weaver,31,2,2022-01-01,5,4,85727.00,4
9027,Jessica Edwards,34,2,2016-01-01,3,1,84833.00,3
9040,Jennifer Brown,37,1,2021-01-01,2,7,76666.00,2
9066,Kyle Orr,61,4,2021-01-01,20,2,86945.00,2
9083,Denise Cunningham DDS,42,2,2017-01-01,9,1,97998.00,3
9089,Kristina Burton,42,4,2019-01-01,20,6,97527.00,3
9091,Eric Johnson,40,4,2018-01-01,5,8,78115.00,1
9101,Michele Mcintosh,30,4,2021-01-01,2,10,94328.00,3
9106,William Gomez,47,4,2022-01-01,12,7,99847.00,4
9134,Janice Lopez,52,5,2023-01-01,15,10,114633.00,2
9138,Tyler Thomas,30,5,2022-01-01,6,2,91600.00,2
9175,Blake Lopez,42,1,2024-01-01,5,6,84273.00,5
9180,David Baker,51,1,2015-01-01,10,5,104430.00,4
9196,Andrew Branch,40,7,2015-01-01,16,5,143106.00,4
9200,Lance Lucero,50,5,2024-01-01,11,6,95344.00,2
9229,Alexander Green,54,4,2025-01-01,9,6,98191.00,4
9244,Benjamin Day,37,1,2015-01-01,5,5,99608.00,5
9253,Danielle Duran,33,2,2024-01-01,5,8,95326.00,5
9260,Sheila Mcintosh,35,2,2012-01-01,3,10,94149.00,4
9269,Timothy Humphrey,49,5,2025-01-01,6,3,84657.00,3
9288,Joseph Crosby,47,2,2021-01-01,16,10,107603.00,2
9293,Jennifer Bond,60,5,2025-01-01,16,1,115275.00,4
9298,Walter Lloyd,49,5,2022-01-01,4,7,95293.00,4
9319,Amber Pierce,45,4,2013-01-01,12,1,88281.00,2
9332,Kathryn Jones,45,2,2019-01-01,7,9,100865.00,5
9363,Jason Ochoa,38,4,2023-01-01,14,3,87070.00,2
9373,Derrick Cochran,35,5,2014-01-01,9,8,114557.00,4
9381,Scott Harvey,55,4,2020-01-01,20,10,113432.00,4
9412,Jose Diaz,42,7,2023-01-01,12,7,80648.00,1
9416,Joe Long,60,4,2018-01-01,19,10,86791.00,2
9431,Lisa Wright,48,1,2013-01-01,7,7,103337.00,5
9453,Thomas Perez,56,5,2014-01-01,13,1,110123.00,2
9473,Ricky Galvan,47,4,2011-01-01,16,4,78096.00,1
9487,Christy Rice,38,7,2022-01-01,16,10,128407.00,3
9493,Theodore Solomon,36,1,2020-01-01,7,7,87806.00,2
9505,Keith Ellis,31,4,2025-01-01,8,4,82524.00,2
9509,Laura Hernandez,50,1,2013-01-01,6,3,84923.00,2
9510,Eric Gomez,35,5,2012-01-01,10,7,102216.00,2
9534,Ann Morris,46,5,2026-01-01,13,3,105911.00,4
9559,Amanda Alvarado,34,2,2018-01-01,8,6,94356.00,3
9572,Samuel Krueger,50,1,2012-01-01,17,1,107700.00,3
9580,Alicia Molina,60,5,2025-01-01,15,5,113168.00,4
9583,Virginia Jenkins,50,7,2016-01-01,6,2,112830.00,2
9589,Theresa Mcintyre,55,2,2016-01-01,20,8,119350.00,3
9642,Scott Archer,35,3,2026-01-01,3,1,258291.00,3
9643,Jessica Trujillo,48,2,2021-01-01,6,1,104521.00,5
9656,Virginia Taylor,32,7,2023-01-01,7,6,117956.00,2
9691,Lydia Wong,56,5,2021-01-01,19,1,135410.00,5
9761,Susan Collins,53,4,2010-01-01,19,9,122229.00,5
9810,Rose Petersen,37,2,2015-01-01,8,1,92759.00,2
9815,Mary Aguilar,64,5,2024-01-01,19,10,123475.00,4
9819,Jessica Hogan,53,7,2024-01-01,16,6,105735.00,2
9824,Kylie Hanson,45,5,2026-01-01,9,1,99110.00,5
9830,Justin Jimenez,56,5,2020-01-01,16,3,127841.00,5
9847,Jason Smith,49,1,2023-01-01,18,4,105651.00,4
9848,Travis Byrd,48,5,2025-01-01,10,7,99081.00,4
9849,Glenda Martin,43,4,2018-01-01,18,6,89095.00,3
9857,Maria Aguilar,38,2,2020-01-01,15,5,104361.00,2
9872,Stephanie Taylor,41,5,2016-01-01,8,1,98391.00,2
9904,Sabrina Vasquez,58,5,2022-01-01,17,4,127965.00,4
9907,Erica Doyle MD,29,5,2015-01-01,3,2,102660.00,5
9942,Natalie Robinson,49,5,2022-01-01,10,6,102299.00,2
9943,James Johnson,59,5,2011-01-01,18,1,122617.00,2
9970,Austin Dougherty,52,2,2019-01-01,18,2,112442.00,2
9978,Tommy Ward,27,5,2013-01-01,4,9,105106.00,5
9997,Sharon Shannon,46,2,2014-01-01,8,2,102670.00,5
9998,Patrick Williams,39,7,2013-01-01,1,8,120592.00,2
9999,Steven Carter,37,4,2019-01-01,9,9,89128.00,3
10000,Tina Nelson,41,5,2011-01-01,5,8,93422.00,3
10001,Eddie Hernandez,56,7,2021-01-01,15,8,120733.00,2
10002,Brandy Lindsey,45,1,2017-01-01,12,1,95831.75,5
10003,Angela Humphrey,50,1,2015-01-01,19,5,95831.75,5
10004,Brandon Short,46,1,2022-01-01,19,4,95831.75,3
10005,Monica Carpenter,51,2,2018-01-01,20,10,132104.00,5
10006,Jeanne Thomas,57,7,2010-01-01,20,10,114886.00,3
10007,Kimberly Allen,45,1,2026-01-01,9,3,80376.00,2
10008,John Kelley,43,1,2020-01-01,14,5,102276.00,3
10009,Michelle Byrd,42,1,2022-01-01,10,10,95831.75,4
10010,Joyce Williams,39,5,2022-01-01,16,5,116901.00,2
10011,William Johnson,56,4,2021-01-01,13,10,100902.00,4
10012,Patricia King,37,2,2015-01-01,15,6,113249.00,4
10013,Nicole Wilson,43,4,2017-01-01,16,1,122600.00,5
10014,Keith Smith,38,4,2011-01-01,13,3,122762.00,5
10015,Tonya Spencer,45,1,2011-01-01,19,5,107117.00,2
10016,Brian Chavez,31,1,2020-01-01,9,6,95831.75,2
10017,Jorge Rosario,36,2,2010-01-01,11,9,113296.00,4
10018,Alyssa Fernandez,62,5,2020-01-01,20,2,138178.00,5
10019,Carolyn Rodriguez,46,5,2010-01-01,9,9,109444.00,5
10020,Amy Farrell,52,3,2013-01-01,19,4,387420.00,4
10021,Jessica Jenkins,52,2,2025-01-01,14,3,104847.00,5